gene,afum_gene,essential,reaction,EC,Equation
HIS3,AFUA_6G04700,1,r0564YCM606R03457[e],4.2.1.19,D-erythro-1-(imidazol-4-yl)glycerol 3-phosphate [cytosol] --> H2O [cytosol] + 3-(imidazol-4-yl)-2-oxopropyl phosphate [cytosol]
LYS9,AFUA_4G11340,1,r0989YCM606R02315[c],1.5.1.10,NADPH [cytosol] + L-glutamate [cytosol] + L-2-aminoadipate 6-semialdehyde [cytosol] --> H2O [cytosol] + NADP(+) [cytosol] + L-saccharopine [cytosol]
MET16,AFUA_3G06540,1,R1006ANIGERR02021[c],1.8.4.8,"3'-phospho-5'-adenylyl sulfate [cytosol] + Reduced thioredoxin [cytosol] --> adenosine 3',5'-bisphosphate [cytosol] + sulfite [cytosol] + Oxidized thioredoxin [cytosol]"
MET16,AFUA_3G06540,1,R1006ANIGERR02021[n],1.8.4.8,"3'-phospho-5'-adenylyl sulfate [cytosol] + Reduced thioredoxin [cytosol] --> adenosine 3',5'-bisphosphate [cytosol] + sulfite [cytosol] + Oxidized thioredoxin [cytosol]"
MET2,AFUA_5G07210,1,r0549YCM606R01776[c],2.3.1.31,acetyl-CoA [cytosol] + L-homoserine [cytosol] --> coenzyme A [cytosol] + O-acetyl-L-homoserine [cytosol]
MET2,AFUA_5G07210,1,r0549YCM606R01776[m],2.3.1.31,acetyl-CoA [cytosol] + L-homoserine [cytosol] --> coenzyme A [cytosol] + O-acetyl-L-homoserine [cytosol]
TRP5,AFUA_6G13520,1,R448ANIGERR02722[c],4.2.1.20,L-serine [cytosol] + Indoleglycerol phosphate [cytosol] --> H2O [cytosol] + L-tryptophan [cytosol] + D-glyceraldehyde 3-phosphate [cytosol]
TRP5,AFUA_6G13520,1,R448ANIGERR02722[m],4.2.1.20,L-serine [cytosol] + Indoleglycerol phosphate [cytosol] --> H2O [cytosol] + L-tryptophan [cytosol] + D-glyceraldehyde 3-phosphate [cytosol]
TRP5,AFUA_6G13520,1,r913iLC915R02340[c],4.2.1.20,Indoleglycerol phosphate [cytosol] <=> D-glyceraldehyde 3-phosphate [cytosol] + Indole [cytosol]
TRP5,AFUA_6G13520,1,r913iLC915R02340[m],4.2.1.20,Indoleglycerol phosphate [cytosol] <=> D-glyceraldehyde 3-phosphate [cytosol] + Indole [cytosol]
TRP5,AFUA_6G13520,1,r914iLC915R00674[c],4.2.1.20,L-serine [cytosol] + Indole [cytosol] --> H2O [cytosol] + L-tryptophan [cytosol]
TRP5,AFUA_6G13520,1,r914iLC915R00674[m],4.2.1.20,L-serine [cytosol] + Indole [cytosol] --> H2O [cytosol] + L-tryptophan [cytosol]
TRR1,AFUA_4G12990,1,r1038YCM606R02016[c],1.8.1.9,NADPH [cytosol] + Oxidized thioredoxin [cytosol] --> NADP(+) [cytosol] + Reduced thioredoxin [cytosol]
FKS1,AFUA_6G12400,1,r0005YCM606R03118[c],2.4.1.34,"H2O [cytosol] + 3.0 UDP-glucose [cytosol] --> 3.0 UDP [cytosol] + 1,3-beta-D-Glucan [cytosol]"
GFA1,AFUA_6G06340,1,r0477YCM606R00768[c],2.6.1.16,L-glutamine [cytosol] + D-fructose 6-phosphate [cytosol] --> L-glutamate [cytosol] + D-glucosamine 6-phosphate [cytosol]
GFA1,AFUA_6G06340,1,R292ANIGER[c],2.6.1.16,L-glutamine [cytosol] + beta-D-fructofuranose 6-phosphate [cytosol] --> L-glutamate [cytosol] + D-glucosamine 6-phosphate [cytosol]
GFA1,AFUA_6G06340,1,R292ANIGER[n],2.6.1.16,L-glutamine [cytosol] + beta-D-fructofuranose 6-phosphate [cytosol] --> L-glutamate [cytosol] + D-glucosamine 6-phosphate [cytosol]
AUR1,AFUA_3G09960,1,r518[m],2.7.1.227,1-phosphatidyl-1D-myo-inositol [cytosol] + ceramide-2 (C26) [cytosol] --> Diacylglycerol [cytosol] + inositol-P-ceramide B (C26) [cytosol]
AUR1,AFUA_3G09960,1,r756[m],2.7.1.227,1-phosphatidyl-1D-myo-inositol [cytosol] + ceramide-2 (C26) [cytosol] --> Diacylglycerol [cytosol] + inositol-P-ceramide B (C26) [cytosol]
CDS1,AFUA_1G07010,1,ry294YCM606[er],2.7.7.41,CTP [cytosol] + phosphatidate [cytosol] <=> diphosphate [cytosol] + CDP-diacylglycerol [cytosol]
CDS1,AFUA_1G07010,1,ry294YCM606[m],2.7.7.41,CTP [cytosol] + phosphatidate [cytosol] <=> diphosphate [cytosol] + CDP-diacylglycerol [cytosol]
CDS1,AFUA_1G07010,1,CDPDIGLYSYNRXNMetaCyc[er],2.7.7.41,CTP [cytosol] + phosphatidate [cytosol] <=> diphosphate [cytosol] + CDP-diacylglycerol [cytosol]
HEM15,AFUA_5G07750,1,r0436YCM606R00310[m],4.99.1.1,protoporphyrin [cytosol] + Fe2+ [cytosol] --> heme b [cytosol]
IPP1,AFUA_6G08490 or AFUA_3G08380,1,r375[c],5.3.3.2,isopentenyl diphosphate [cytosol] <=> dimethylallyl diphosphate [cytosol]
IPP1,AFUA_6G08490 or AFUA_3G08380,1,r375[m],5.3.3.2,isopentenyl diphosphate [cytosol] <=> dimethylallyl diphosphate [cytosol]
SPE2,AFUA_5G03670,1,r0145YCM606R00178[c],4.1.1.50,S-adenosyl-L-methionine [cytosol] --> CO2 [cytosol] + S-adenosylmethioninamine [cytosol]
OLE1,AFUA_7G05920,1,ry45YCM606[er],1.14.19.1,NADH [cytosol] + oxygen [cytosol] + stearoyl-CoA [cytosol] --> 2.0 H2O [cytosol] + NAD(+) [cytosol] + oleoyl-CoA [cytosol]
OLE1,AFUA_7G05920,1,ry44YCM606[er],1.14.19.1,NADH [cytosol] + oxygen [cytosol] + palmitoyl-CoA [cytosol] --> 2.0 H2O [cytosol] + NAD(+) [cytosol] + palmitoleoyl-CoA [cytosol]
OLE1,AFUA_7G05920,1,R695ANIGER[er],1.14.19.1,NADH [cytosol] + oxygen [cytosol] + Hexadecanoyl-[acp] [cytosol] --> 2.0 H2O [cytosol] + NAD(+) [cytosol] + Hexadecenoyl-[acp] [cytosol]
OLE1,AFUA_7G05920,1,r1244AORYZAE[er],1.14.19.1,NADH [cytosol] + oxygen [cytosol] + Octadecanoyl-[acyl-carrier protein] [cytosol] --> 2.0 H2O [cytosol] + NAD(+) [cytosol] + Octadecenoyl-[acp] [cytosol]
ERG10,AFUA_8G04000 or AFUA_6G14200,1,r0103YCM606R00238[c],2.3.1.9,2.0 acetyl-CoA [cytosol] --> coenzyme A [cytosol] + acetoacetyl-CoA [cytosol]
ERG10,AFUA_8G04000 or AFUA_6G14200,1,r0103YCM606R00238[m],2.3.1.9,2.0 acetyl-CoA [cytosol] --> coenzyme A [cytosol] + acetoacetyl-CoA [cytosol]
ERG12,AFUA_4G07780,1,r0738YCM606[c],2.7.1.36,UTP [cytosol] + (R)-mevalonate [cytosol] --> UDP [cytosol] + (R)-5-Phosphomevalonate [cytosol]
ERG12,AFUA_4G07780,1,r0736YCM606[c],2.7.1.36,CTP [cytosol] + (R)-mevalonate [cytosol] --> CDP [cytosol] + (R)-5-Phosphomevalonate [cytosol]
ERG12,AFUA_4G07780,1,r0735YCM606R02245[c],2.7.1.36,ATP [cytosol] + (R)-mevalonate [cytosol] --> ADP [cytosol] + (R)-5-Phosphomevalonate [cytosol]
ERG12,AFUA_4G07780,1,r0737YCM606[c],2.7.1.36,GTP [cytosol] + (R)-mevalonate [cytosol] --> GDP [cytosol] + (R)-5-Phosphomevalonate [cytosol]
EXG1,AFUA_1G03600 or AFUA_1G11460 or AFUA_1G14450 or AFUA_2G00430 or AFUA_3G07520 or AFUA_6G09250 or AFUA_6G11980 or  AFUA_6G13270,0,r420ANIDULANSR03115[e],,
EXG1,AFUA_1G03600 or AFUA_1G11460 or AFUA_1G14450 or AFUA_2G00430 or AFUA_3G07520 or AFUA_6G09250 or AFUA_6G11980 or  AFUA_6G13270,0,r0370YCM606R00308[e],,
CHS2,AFUA_1G12600 or AFUA_8G05630 or AFUA_5G00760 or AFUA_4G04180 or AFUA_3G14420 or AFUA_2G13440 or AFUA_2G13430 or  AFUA_2G01870,0,r0272YCM606R02335[c],,
ERG11,AFUA_4G06890 or AFUA_7G03740,0,r0317YCM606R05640[c],,
ERG27,AFUA_4G11500,0,r0236YCM606R07495[c],,
ERG27,AFUA_4G11500,0,r0237YCM606[c],,